{"cameraMode":{"drawMode":0,"name":"Shaded","section":"Shading Mode"},"sceneLighting":true,"audioPlay":false,"sceneViewState":{"showFog":false,"showMaterialUpdate":false,"showSkybox":false,"showFlares":false,"showImageEffects":false,"showParticleSystems":false},"in2DMode":false,"pivot":{"x":16.63676643371582,"y":7.62222957611084,"z":-12.63919734954834},"rotation":{"x":0.08471361547708512,"y":-0.46573367714881899,"z":0.04484827443957329,"w":0.8797206878662109},"size":7.732039451599121,"orthographic":false}