{"cameraMode":{"drawMode":0,"name":"Shaded","section":"Shading Mode"},"sceneLighting":true,"audioPlay":false,"sceneViewState":{"showFog":false,"showMaterialUpdate":false,"showSkybox":false,"showFlares":false,"showImageEffects":false,"showParticleSystems":false},"in2DMode":false,"pivot":{"x":48.557498931884769,"y":0.45383793115615847,"z":8.354626655578614},"rotation":{"x":0.011073851957917214,"y":-0.38514795899391177,"z":0.0046220021322369579,"w":0.9227770566940308},"size":109.97827911376953,"orthographic":false}