{"cameraMode":{"drawMode":0,"name":"Shaded","section":"Shading Mode"},"sceneLighting":true,"audioPlay":false,"sceneViewState":{"showFog":false,"showMaterialUpdate":false,"showSkybox":false,"showFlares":false,"showImageEffects":false,"showParticleSystems":false},"in2DMode":false,"pivot":{"x":6.189842224121094,"y":12.296175003051758,"z":-1.049081802368164},"rotation":{"x":-0.35909605026245119,"y":-0.11962828040122986,"z":0.04647392779588699,"w":-0.9244611859321594},"size":29.379152297973634,"orthographic":false}