{"cameraMode":{"drawMode":0,"name":"Shaded","section":"Shading Mode"},"sceneLighting":true,"audioPlay":false,"sceneViewState":{"showFog":false,"showMaterialUpdate":false,"showSkybox":false,"showFlares":false,"showImageEffects":false,"showParticleSystems":false},"in2DMode":false,"pivot":{"x":23.60047149658203,"y":-3.763333797454834,"z":-18.971559524536134},"rotation":{"x":-0.041869647800922397,"y":-0.8985090851783752,"z":0.08788366615772248,"w":-0.42806676030158999},"size":39.90241622924805,"orthographic":false}