{"cameraMode":{"drawMode":0,"name":"Shaded","section":"Shading Mode"},"sceneLighting":false,"audioPlay":false,"sceneViewState":{"showFog":false,"showMaterialUpdate":false,"showSkybox":false,"showFlares":false,"showImageEffects":false,"showParticleSystems":false},"in2DMode":false,"pivot":{"x":-77.74398040771485,"y":-96.97640991210938,"z":7.3816046714782719},"rotation":{"x":0.004128773231059313,"y":0.988826334476471,"z":-0.14641378819942475,"w":0.027886956930160524},"size":74.20956420898438,"orthographic":false}